﻿Facteurs d'émissions directs de GES par sources d'énergie (kg/kWh);;;;;;;;
Sources d'énergie;Québec;Ontario;Nouveau-Brunswick;New-York;Nouvelle-Angleterre;MISO;PJM;
Hydro;0;0;0;0;0.00021821;0.0000996989;0;
Éolien;0;0;0;0;0;0.00000328363;0;
Solaire;0;0;0;0;0.000137742;0.000117969;0.0000095254;
Géothermique;0;0;0;0;0;0;0;
Biomasse - forestière;0.038962668;;;0.653859703;0.504562511;0.142633894;0.45807618;
Biomasse - biocarburant liquide;;;;;;;;
Biomasse - biocarburant gazeux;0.000346572;;;;;;;
Mazout léger;0.964;;;;;;;
Pétrole;;;;0.741284996;1.691469695;1.015545952;0.83293389;
Gaz naturel;;0.302325581;;0.454040036;0.425706329;0.453393135;0.44102911;
Nucléaire;;0;;0;0;0.00000624044;0.00000011281;
Charbon;;;;1.207062891;1.14820383;1.116591552;1.07325555;
Autres fossiles;;;;0;0;0.264920897;0.18662327;
Électricité;0.000611;0.26;0.29;0.214619033;0.267872915;0.539076127;0.38215751;
