﻿OBJECTID,MUNICIPALITE,PROTECTION,Shape.STArea(),Shape.STLength()
1,86042,Protection immédiate,358803.856340205,2613.46759475517
2,86042,Protection intermédiaire,13470354.7408305,34278.5683087719
3,86042,Protection éloignée,149633116.574394,75113.8423846148
