﻿OBJECTID,MUNICIPALITE,CIRCUIT,Shape.STLength()
1,86042,21,9622.70864393969
2,86042,10,8615.21399358623
3,86042,20,9002.56658350166
