﻿ID,OBJECTID,SHAPE__Area,SHAPE__Length
4,1,1662061.31640625,7006.43781015975
5,2,8555526.24609375,17518.3406576662
6,3,223540838.625,202062.747725618
