﻿Caracteristique,Valeur,Nb_menages,Nb_adultes,Nb_enfants,Nb_prestataires,Prestation_totale_versee
Situation familiale,Personnes seules,211232,211232,0,211232,224432543.05
Situation familiale,Couples sans enfants,8661,17041,0,17041,12405630.039
Situation familiale,Familles monoparentales,23503,23503,39797,63300,22256656.907
Situation familiale,Couples avec enfants,10476,20884,21159,42043,14173143.839
Situation familiale,Conjoint d'étudiant,86,86,0,86,30241.2
Type de résidence,Locataire,98531,110382,36983,147365,104686904.49
Type de résidence,Locataire HLM ou coopérative,30703,32889,12701,45590,34366542.165
Type de résidence,Chambreur ou pensionnaire,111463,115325,9576,124901,121611153.68
Type de résidence,Temporairement sans adresse,3984,3993,29,4022,3722389.6698
Type de résidence,Propriété,6364,7244,1667,8911,6938970.0587
Type de résidence,En hébergement,2913,2913,0,2913,1972254.9695
Région,01 - Bas-Saint-Laurent,5763,6025,784,6809,6668469.1092
Région,02 - Saguenay-Lac-Saint-Jean,7794,8075,1132,9207,8809859.5891
Région,03 - Capitale-Nationale,16794,17464,2863,20327,18565536.908
Région,04 - Mauricie,10960,11448,2248,13696,12058866.219
Région,05 - Estrie,15482,16404,3604,20008,17376734.908
Région,06 - Montréal,88659,98451,25641,124092,91372182.343
Région,07 - Outaouais,12302,13020,3493,16513,12990258.059
Région,08 - Abitibi-Témiscamingue,3721,3858,676,4534,4084194.9496
Région,09 - Côte-Nord,1985,2056,350,2406,2187378.4198
Région,10 - Nord-du-Québec,981,1045,332,1377,979634.06995
Région,11 - Gaspésie-Îles-de-la-Madeleine,3239,3417,429,3846,3737012.1696
Région,12 - Chaudière-Appalaches,8276,8626,1338,9964,9280335.1991
Région,13 - Laval,9818,10910,2676,13586,10783943.659
Région,14 - Lanaudière,12362,12989,2836,15825,13399384.958
Région,15 - Laurentides,14659,15362,2905,18267,16141566.278
Région,16 - Montérégie,32898,34899,7861,42760,35832474.566
Région,17 - Centre-du-Québec,8080,8502,1762,10264,8801395.1088
Région,Région inconnue,185,195,26,221,228988.51998
