﻿Caracteristique,Valeur,Nb_menages,Nb_adultes,Nb_enfants,Nb_prestataires,Prestation_totale_versee
Situation familiale,Personnes seules,222000,222000,0,222000,243148708.05
Situation familiale,Couples sans enfants,8682,16845,0,16845,12823726.119
Situation familiale,Familles monoparentales,23547,23547,39948,63495,23330400.807
Situation familiale,Couples avec enfants,9179,18230,19023,37253,12947730.349
Situation familiale,Conjoint d'étudiant,87,87,0,87,37389.459997
Type de résidence,Locataire,96623,107674,35754,143428,106661253.78
Type de résidence,Locataire HLM ou coopérative,30782,32840,12771,45611,35975294.525
Type de résidence,Chambreur ou pensionnaire,122000,125363,8741,134104,136042684.8
Type de résidence,Temporairement sans adresse,4915,4931,37,4968,4706989.0897
Type de résidence,Propriété,6049,6775,1668,8443,6911998.6688
Type de résidence,En hébergement,3126,3126,0,3126,1989733.9196
Région,01 - Bas-Saint-Laurent,5656,5900,785,6685,6772774.0893
Région,02 - Saguenay-Lac-Saint-Jean,7795,8053,1198,9251,9189054.1591
Région,03 - Capitale-Nationale,17075,17727,2785,20512,19481694.878
Région,04 - Mauricie,10853,11315,2292,13607,12435675.349
Région,05 - Estrie,15705,16554,3656,20210,18263384.988
Région,06 - Montréal,95839,104538,23463,128001,100754699.87
Région,07 - Outaouais,12400,13065,3611,16676,13690008.208
Région,08 - Abitibi-Témiscamingue,3741,3858,639,4497,4242545.0596
Région,09 - Côte-Nord,1902,1954,341,2295,2197901.5098
Région,10 - Nord-du-Québec,837,884,249,1133,884473.68994
Région,11 - Gaspésie-Îles-de-la-Madeleine,3219,3369,416,3785,3886710.3696
Région,12 - Chaudière-Appalaches,8414,8722,1365,10087,9809452.639
Région,13 - Laval,10660,11789,2801,14590,12043351.358
Région,14 - Lanaudière,12496,13091,2769,15860,14118763.658
Région,15 - Laurentides,14718,15361,2860,18221,16756415.598
Région,16 - Montérégie,33781,35737,7882,43619,38275406.925
Région,17 - Centre-du-Québec,8211,8593,1842,10435,9236970.7488
Région,Région inconnue,193,199,17,216,248671.68997
