﻿Caracteristique,Valeur,Nb_menages,Nb_adultes,Nb_enfants,Nb_prestataires,Prestation_totale_versee
Situation familiale,Personnes seules,212655,212655,0,212655,225842079.62
Situation familiale,Couples sans enfants,8781,17249,0,17249,12546186.739
Situation familiale,Familles monoparentales,23584,23584,39920,63504,22396367.427
Situation familiale,Couples avec enfants,10500,20927,21264,42191,14223416.209
Situation familiale,Conjoint d'étudiant,90,90,0,90,31903.34
Type de résidence,Locataire,99571,111728,37501,149229,105691529.23
Type de résidence,Locataire HLM ou coopérative,30637,32818,12694,45512,34364917.995
Type de résidence,Chambreur ou pensionnaire,111987,115658,9287,124945,122302342.4
Type de résidence,Temporairement sans adresse,4090,4100,30,4130,3813111.1497
Type de résidence,Propriété,6356,7232,1672,8904,6920202.7387
Type de résidence,En hébergement,2969,2969,0,2969,1947849.8196
Région,01 - Bas-Saint-Laurent,5760,6020,816,6836,6641259.9392
Région,02 - Saguenay-Lac-Saint-Jean,7783,8062,1131,9193,8831913.1191
Région,03 - Capitale-Nationale,16819,17497,2834,20331,18587135.228
Région,04 - Mauricie,11009,11497,2283,13780,12142290.189
Région,05 - Estrie,15581,16513,3634,20147,17480328.248
Région,06 - Montréal,89485,99316,25578,124894,92322430.402
Région,07 - Outaouais,12346,13076,3542,16618,12979289.429
Région,08 - Abitibi-Témiscamingue,3734,3871,655,4526,4094736.9696
Région,09 - Côte-Nord,1985,2053,340,2393,2186331.8597
Région,10 - Nord-du-Québec,992,1058,338,1396,987891.24994
Région,11 - Gaspésie-Îles-de-la-Madeleine,3254,3437,442,3879,3755300.4996
Région,12 - Chaudière-Appalaches,8349,8699,1353,10052,9384526.369
Région,13 - Laval,9973,11091,2713,13804,10935324.288
Région,14 - Lanaudière,12428,13055,2843,15898,13489980.708
Région,15 - Laurentides,14700,15404,2931,18335,16194992.788
Région,16 - Montérégie,33121,35131,7928,43059,36074485.326
Région,17 - Centre-du-Québec,8108,8537,1801,10338,8727065.4689
Région,Région inconnue,183,188,22,210,224671.24998
