﻿Caracteristique,Valeur,Nb_menages,Nb_adultes,Nb_enfants,Nb_prestataires,Prestation_totale_versee
Situation familiale,Personnes seules,213191,213191,0,213191,226364538.85
Situation familiale,Couples sans enfants,8552,16714,0,16714,12204740.269
Situation familiale,Familles monoparentales,23397,23397,39692,63089,22357638.837
Situation familiale,Couples avec enfants,10004,19926,20370,40296,13629457.979
Situation familiale,Conjoint d'étudiant,77,77,0,77,29100.709999
Type de résidence,Locataire,98959,111007,37312,148319,105088958.48
Type de résidence,Locataire HLM ou coopérative,30638,32764,12755,45519,34330114.845
Type de résidence,Chambreur ou pensionnaire,112158,115239,8312,123551,122439462.64
Type de résidence,Temporairement sans adresse,4221,4234,32,4266,3917173.8398
Type de résidence,Propriété,6216,7032,1651,8683,6796191.5587
Type de résidence,En hébergement,3029,3029,0,3029,2013575.2796
Région,01 - Bas-Saint-Laurent,5697,5954,820,6774,6594966.5692
Région,02 - Saguenay-Lac-Saint-Jean,7772,8044,1146,9190,8816628.1991
Région,03 - Capitale-Nationale,16775,17431,2740,20171,18439738.088
Région,04 - Mauricie,10904,11380,2262,13642,12050638.899
Région,05 - Estrie,15511,16411,3673,20084,17445348.848
Région,06 - Montréal,89738,98981,24392,123373,91993986.931
Région,07 - Outaouais,12297,12994,3564,16558,12980961.189
Région,08 - Abitibi-Témiscamingue,3698,3820,663,4483,4059515.6496
Région,09 - Côte-Nord,1930,1992,333,2325,2148475.3598
Région,10 - Nord-du-Québec,991,1056,350,1406,995096.30994
Région,11 - Gaspésie-Îles-de-la-Madeleine,3235,3407,444,3851,3739209.0496
Région,12 - Chaudière-Appalaches,8328,8664,1348,10012,9482899.9389
Région,13 - Laval,10013,11116,2710,13826,10956257.958
Région,14 - Lanaudière,12274,12876,2801,15677,13393585.628
Région,15 - Laurentides,14615,15308,2913,18221,16165517.138
Région,16 - Montérégie,33139,35156,8073,43229,36253056.835
Région,17 - Centre-du-Québec,8108,8514,1811,10325,8831645.8788
Région,Région inconnue,196,201,19,220,237948.17998
