NOM,TYPE,WKT
Lapinière,Station d'épuration,POINT  ( 293529.45476563 5054382.83234375)
Fabreville,Station d'épuration,POINT  ( 278639.24398438 5048558.87617188)
Auteuil,Station d'épuration,POINT  ( 285484.45898438 5057745.00726563)
