an_profil,an_donnee,cod_prov,PRC1450,PRC1550,PRC1650,PRC2250,PRC2350,PRC2050,PFRAT0151
2019,2019,PROV,0.781000,0.157700,0.038300,0.023100,274029.000000,204513.000000,321165.000000
